order_id,order_date,customer_id,product,category,price,quantity
ORD-0851,2024-03-27,CUST-0138,Laptop Stand,Electronicss,173.17,4
ORD-0554,14-02-2024,CUST-0200,USB-C Hub,Electronicss,208.73,4
ORD-0135,15/08/2024,CUST-0093,Winter Jacket,clothes,23.91,3
ORD-0636,"Jun 25, 2024",CUST-0168,Running Shoes,clothing,13,3
ORD-0371,07/07/2024,CUST-0075,Desk Lamp,home_goods,47.29,3
ORD-0467,2024-03-08,CUST-0041,Cotton T-Shirt,Clothng,USD 24.52,5
ORD-0227,09-03-2024,CUST-0187,Monitor 27 inch,ELECTRONICS,192.40,4
ORD-0629,02/03/2024,CUST-0192,Wall Clock,Home,$53.96,5
ORD-0664,2024-08-18,CUST-0046,Throw Pillow,Home & Garden,39.03,2
ORD-0831,"Dec 23, 2024",CUST-0048,Throw Pillow,home,USD 37.97,1
ORD-0423,"May 26, 2024",CUST-0089,Yoga Mat,Sport,$106.57,3
ORD-0047,2024-06-18,CUST-0030,Scented Candle,home,70.78,3
ORD-0471,09/08/2024,CUST-0124,Yoga Mat,sports,USD 48.03,4
ORD-0543,2024-04-29,CUST-0073,SQL Cookbook,Book,30.14,5
ORD-0363,06/01/2024,CUST-0128,Wool Socks,clothes,USD 143.42,5
ORD-0248,01/08/2024,CUST-0010,USB-C Hub,Electronicss,498.63,4
ORD-0104,"Jul 04, 2024",CUST-0194,Baseball Cap,Clothing,79.79,4
ORD-0933,2024-12-08,CUST-0181,Dumbbell Set,Sport,-19.11,4
ORD-0092,2024-11-13,CUST-0157,Designing Data Apps,books,$43.52,1
ORD-0053,01-01-2024,CUST-0074,Scented Candle,home_goods,$20.76,5
ORD-0113,05/12/2024,CUST-0127,Wall Clock,home_goods,77,2
ORD-0654,"May 16, 2024",CUST-0146,Dumbbell Set,sports,77.36,5
ORD-0748,15-12-2024,CUST-0103,Clean Code,BOOKS,10.04,1
ORD-0034,"Aug 22, 2024",CUST-0145,Wireless Mouse,electronic,498.11,1
ORD-0388,05-05-2024,CUST-0128,Dumbbell Set,Sport,55.32,5
ORD-0481,2024-06-22,CUST-0194,Wool Socks,Clothing,USD 68.03,5
ORD-0136,22-07-2024,CUST-0049,Python Crash Course,Books,$43.82,4
ORD-0891,"Mar 08, 2024",CUST-0011,Throw Pillow,home,48.54,3
ORD-0006,"Jul 04, 2024",CUST-0050,Designing Data Apps,books,USD 34.07,1
ORD-0973,27/07/2024,CUST-0005,Desk Lamp,Home,25.19,5
ORD-0254,"Jun 03, 2024",CUST-0186,Clean Code,BOOKS,$29.20,3
ORD-0229,"Dec 14, 2024",CUST-0031,Designing Data Apps,Book,12.76,1
ORD-0822,2024-03-08,CUST-0123,Mechanical Keyboard,electronics,USD 183.88,3
ORD-0209,2024-12-29,CUST-0141,Clean Code,books,$28.06,3
ORD-0772,17-07-2024,CUST-0035,Coffee Mug,HOME,39,2
ORD-0164,23-04-2024,CUST-0200,Clean Code,Books,14.22,5
ORD-0382,13/05/2024,CUST-0008,Bluetooth Speaker,electronic,$476.77,4
ORD-0905,07/17/2024,CUST-0073,Denim Jeans,Clothing,100.60,2
ORD-0327,01/03/2024,CUST-0079,Running Shoes,clothing,26.37,3
ORD-0976,13-11-2024,CUST-0168,Portable SSD 1TB,Electronics,486.46,1
ORD-0533,"Apr 17, 2024",CUST-0042,Wall Clock,Home,53.54,4
ORD-0635,"Jun 14, 2024",CUST-0023,SQL Cookbook,Book,12.16,4
ORD-0491,2024-08-19,CUST-0158,Laptop Stand,electronics,$436.00,5
ORD-1000,21-09-2024,CUST-0151,Portable SSD 1TB,Electronics,108.35,1
ORD-0187,15-01-2024,CUST-0026,Data Engineering Handbook,books,39.05,3
ORD-0116,06/11/2024,CUST-0139,Jump Rope,sports,$13.95,1
ORD-0322,24/08/2024,CUST-0104,Jump Rope,Sport,79.27,2
ORD-0350,2024-02-15,CUST-0027,,clothing,53.87,3
ORD-0691,19/03/2024,CUST-0088,Scented Candle,HOME,USD 74.27,5
ORD-0448,2024-11-20,CUST-0002,Running Shoes,clothing,73.29,2
ORD-0597,11/02/2024,CUST-0015,Laptop Stand,Electronics,144.25,4
ORD-0739,05/11/2024,CUST-0097,Mechanical Keyboard,electronics,333.35,5
ORD-0509,2024-12-24,CUST-0092,Yoga Mat,SPORTS,USD 112.09,1
ORD-0496,26-10-2024,CUST-0002,Denim Jeans,Clothing,56.28,2
ORD-0760,2024-03-09,CUST-0162,Yoga Mat,Sports,77.37,2
ORD-0359,16-09-2024,CUST-0161,Monitor 27 inch,Electronicss,$360.63,4
ORD-0278,2024-04-07,CUST-0192,Webcam HD,electronics,$499.79,4
ORD-0292,2024-08-31,CUST-0164,Scented Candle,Home,5.71,2
ORD-0380,19-08-2024,CUST-0119,Data Engineering Handbook,Books,17.81,1
ORD-0663,"Feb 16, 2024",CUST-0029,Wall Clock,home_goods,18.48,5
ORD-0149,2024-06-17,CUST-0106,Dumbbell Set,Sports,48,4
ORD-0160,"Sep 13, 2024",CUST-0172,Resistance Bands,Sport,98.68,1
ORD-0093,21/03/2024,CUST-0045,Python Crash Course,Books,28.42,2
ORD-0287,"Nov 12, 2024",CUST-0124,Python Crash Course,Books,32.39,1
ORD-0379,2024-03-20,CUST-0043,Yoga Mat,Sport,59.45,3
ORD-0617,2024-09-22,CUST-0026,Webcam HD,Electronicss,366.71,5
ORD-0073,2024-06-08,CUST-0149,USB-C Hub,electronic,$27.45,3
ORD-0553,21/09/2024,CUST-0158,Dumbbell Set,SPORTS,28.64,1
ORD-0459,"Sep 18, 2024",CUST-0031,Desk Lamp,Home & Garden,26.20,1
ORD-0117,02/16/2024,CUST-0026,Data Engineering Handbook,Book,36.13,1
ORD-0612,24-11-2024,CUST-0029,SQL Cookbook,Books,USD 11.56,1
ORD-0901,2024-03-19,CUST-0021,Laptop Stand,Electronicss,$238.21,4
ORD-0570,04/04/2024,CUST-0109,Clean Code,BOOKS,15.79,3
ORD-0475,2024-06-10,CUST-0128,Wall Clock,Home,60.89,1
ORD-0609,31-05-2024,CUST-0139,Winter Jacket,clothes,61.40,1
ORD-0061,"May 21, 2024",CUST-0125,Wool Socks,Clothng,97.74,3
ORD-0713,25/07/2024,CUST-0076,Dumbbell Set,Sports,16.87,5
ORD-0199,16-07-2024,CUST-0048,Wall Clock,HOME,42.22,4
ORD-0418,"Dec 12, 2024",CUST-0038,Dumbbell Set,sports,23.23,4
ORD-0815,12/05/2024,CUST-0149,Yoga Mat,Sport,16.44,3
ORD-0493,2024-01-28,CUST-0191,Designing Data Apps,Book,,5
ORD-0934,"Nov 08, 2024",CUST-0027,Mechanical Keyboard,electronic,414.45,1
ORD-0564,01/07/2024,CUST-0200,Baseball Cap,Clothng,$24.94,1
ORD-0051,16-09-2024,CUST-0171,Bluetooth Speaker,ELECTRONICS,213.07,4
ORD-0224,22-10-2024,CUST-0049,Running Shoes,clothes,116.84,4
ORD-0458,2024-08-03,CUST-0170,Bluetooth Speaker,electronic,$267.35,5
ORD-0571,"Apr 02, 2024",CUST-0034,SQL Cookbook,Books,$44.23,2
ORD-0679,10/15/2024,CUST-0134,Baseball Cap,Clothng,USD 112.09,4
ORD-0027,"Jan 26, 2024",CUST-0004,Yoga Mat,sports,116.59,2
ORD-0433,"Mar 24, 2024",CUST-0200,Desk Lamp,,$77.37,2
ORD-0482,"Dec 03, 2024",CUST-0130,Wall Clock,Home,15.10,4
ORD-0191,2024-10-01,CUST-0162,,home,43.65,2
ORD-0955,03/06/2024,CUST-0183,Baseball Cap,clothes,74.08,5
ORD-0456,2024-11-15,CUST-0153,Designing Data Apps,Books,44.80,1
ORD-0303,15-02-2024,CUST-0142,Wireless Mouse,ELECTRONICS,60.14,5
ORD-0705,09/29/2024,CUST-0103,Bluetooth Speaker,electronic,301.41,2
ORD-0522,"Oct 24, 2024",CUST-0104,Yoga Mat,Sports,94.61,2
ORD-0828,15-03-2024,CUST-0149,Mechanical Keyboard,electronic,USD 183.70,2
ORD-0983,12/09/2024,CUST-0173,Wireless Mouse,electronic,74.86,4
ORD-0354,2024-11-26,CUST-0064,Running Shoes,clothes,87.48,5
ORD-0386,"Mar 27, 2024",CUST-0111,Desk Lamp,Home & Garden,66.63,4
ORD-0803,"Oct 25, 2024",CUST-0057,Webcam HD,electronics,393.92,3
ORD-0877,2024-08-20,CUST-0196,Water Bottle,Sport,USD 15.73,2
ORD-0089,02/03/2024,CUST-0126,Desk Lamp,home,10.56,1
ORD-0747,01/02/2024,CUST-0177,Webcam HD,Electronics,411.72,4
ORD-0987,"May 22, 2024",CUST-0129,Desk Lamp,home,$42.05,5
ORD-0314,10/25/2024,CUST-0137,Jump Rope,sport,65.73,4
ORD-0410,04-12-2024,CUST-0077,Water Bottle,Sport,36.13,1
ORD-0477,2024-07-05,CUST-0058,Throw Pillow,home_goods,USD 68.32,3
ORD-0581,26/03/2024,CUST-0006,Wall Clock,HOME,14.38,2
ORD-0665,2024-03-04,CUST-0030,Data Engineering Handbook,Books,34.13,3
ORD-0262,2024-10-23,CUST-0012,Webcam HD,electronic,220,1
ORD-0816,2024-03-24,CUST-0070,Running Shoes,Clothing,60.56,3
ORD-0360,2024-05-22,CUST-0080,USB-C Hub,electronics,53.33,2
ORD-0753,2024-07-26,CUST-0055,Python Crash Course,,37.86,5
ORD-0119,16/10/2024,CUST-0044,Jump Rope,Sport,$29.26,5
ORD-0225,2024-01-12,CUST-0101,SQL Cookbook,books,-89.68,2
ORD-0077,24-09-2024,CUST-0158,Coffee Mug,Home & Garden,65.61,5
ORD-0869,24/02/2024,CUST-0055,Denim Jeans,Clothng,145.79,4
ORD-0899,2024-10-25,CUST-0135,Resistance Bands,Sport,94.35,2
ORD-0596,21-04-2024,CUST-0108,Portable SSD 1TB,ELECTRONICS,166.11,4
ORD-0759,03/13/2024,CUST-0044,Bluetooth Speaker,electronics,352.70,5
ORD-0545,2024-07-04,CUST-0040,SQL Cookbook,BOOKS,23.76,5
ORD-0742,15/05/2024,CUST-0113,Bluetooth Speaker,electronic,48.66,2
ORD-0914,10/27/2024,CUST-0194,Clean Code,BOOKS,32.80,5
ORD-0569,12/05/2024,CUST-0141,Designing Data Apps,Book,17,3
ORD-0603,"Jan 22, 2024",CUST-0177,Cotton T-Shirt,clothing,76.54,5
ORD-0038,24/06/2024,CUST-0176,Wool Socks,clothes,98.79,3
ORD-0150,2024-06-29,CUST-0148,Water Bottle,Sport,65.82,2
ORD-0886,02/08/2024,CUST-0105,Data Engineering Handbook,BOOKS,37,1
ORD-0540,"Sep 29, 2024",CUST-0193,Yoga Mat,sports,22.93,4
ORD-0586,"Oct 29, 2024",CUST-0117,Resistance Bands,Sport,79.42,5
ORD-0277,"Oct 27, 2024",CUST-0056,Webcam HD,ELECTRONICS,247,3
ORD-0404,2024-05-07,CUST-0090,Data Engineering Handbook,Books,17.50,1
ORD-0601,22-11-2024,CUST-0051,SQL Cookbook,books,21,1
ORD-0606,2024-04-08,CUST-0177,SQL Cookbook,BOOKS,21.98,2
ORD-0921,"Aug 18, 2024",CUST-0063,Desk Lamp,Home & Garden,20.10,5
ORD-0574,01/25/2024,CUST-0026,Dumbbell Set,sports,USD 85.96,1
ORD-0773,2024-03-06,CUST-0178,Running Shoes,clothing,89.61,3
ORD-0915,2024-04-04,CUST-0192,Denim Jeans,Clothing,147.51,3
ORD-0943,"Sep 27, 2024",,Bluetooth Speaker,electronics,354.64,4
ORD-0322,24/08/2024,CUST-0104,Jump Rope,Sport,79.27,2
ORD-0306,05/21/2024,CUST-0077,Winter Jacket,CLOTHING,77.79,1
ORD-0699,19/07/2024,CUST-0181,Monitor 27 inch,Electronicss,$304.12,5
ORD-0646,10-01-2024,CUST-0176,Coffee Mug,home,31,3
ORD-0168,19-11-2024,CUST-0071,Wall Clock,home_goods,49.36,3
ORD-0637,15/11/2024,CUST-0113,Jump Rope,sports,$14.94,2
ORD-0216,"Nov 21, 2024",CUST-0071,Data Engineering Handbook,book,12.63,3
ORD-0095,"Nov 16, 2024",CUST-0170,Running Shoes,Clothng,122.55,2
ORD-0591,11/26/2024,CUST-0097,Wool Socks,Clothng,$40.88,1
ORD-0159,28-05-2024,CUST-0031,Running Shoes,clothing,11.08,4
ORD-0669,08/22/2024,CUST-0128,Python Crash Course,book,28.11,1
ORD-0152,"Nov 10, 2024",CUST-0007,Dumbbell Set,Sports,76.99,3
ORD-0167,"Nov 25, 2024",,Scented Candle,home,69.82,3
ORD-0500,09/28/2024,CUST-0144,Baseball Cap,Clothing,$125.32,1
ORD-0648,06/23/2024,CUST-0169,Denim Jeans,clothes,29,4
ORD-0614,"Sep 26, 2024",CUST-0180,Wall Clock,HOME,49.27,-3
ORD-0174,2024-06-17,CUST-0143,Python Crash Course,BOOKS,$33.10,3
ORD-0270,21-10-2024,CUST-0148,Data Engineering Handbook,books,30.12,3
ORD-0538,"Nov 01, 2024",CUST-0018,SQL Cookbook,books,16.50,4
ORD-0732,14/05/2024,CUST-0136,Wall Clock,HOME,70.27,1
ORD-0890,2024-12-29,CUST-0002,Dumbbell Set,Sport,37.90,5
ORD-0411,28-01-2024,CUST-0001,Coffee Mug,home_goods,37.07,3
ORD-0696,"Jan 08, 2024",CUST-0144,Python Crash Course,book,27.02,2
ORD-0454,06/04/2024,CUST-0104,Throw Pillow,home,6.43,2
ORD-0260,10/25/2024,CUST-0024,Wool Socks,Clothing,135.84,4
ORD-0561,2024-05-27,CUST-0103,Data Engineering Handbook,Books,32.93,3
ORD-0585,08/31/2024,CUST-0139,Clean Code,Book,42.59,5
ORD-0650,15/04/2024,CUST-0149,Resistance Bands,sports,69.55,2
ORD-0478,02-12-2024,CUST-0184,,sports,59.78,1
ORD-0875,18-01-2024,CUST-0021,SQL Cookbook,Book,$38.46,0
ORD-0058,"Dec 22, 2024",CUST-0119,Denim Jeans,Clothing,17.03,2
ORD-0315,2024-10-31,CUST-0028,Designing Data Apps,books,$36.45,3
ORD-0881,"Jul 12, 2024",CUST-0058,Winter Jacket,clothes,$12.90,1
ORD-0126,31-05-2024,CUST-0192,Cotton T-Shirt,clothing,USD 68.17,2
ORD-0879,31/12/2024,CUST-0153,Baseball Cap,Clothng,106.01,3
ORD-0958,10-07-2024,CUST-0076,Clean Code,books,USD 25.98,2
ORD-0035,2024-06-27,CUST-0063,Data Engineering Handbook,Book,USD 21.67,2
ORD-0578,05/26/2024,CUST-0162,Scented Candle,HOME,76.74,2
ORD-0745,2024-11-30,CUST-0010,Coffee Mug,home,$54.85,3
ORD-0640,"Apr 14, 2024",CUST-0134,Resistance Bands,Sport,$92.54,5
ORD-0237,03/18/2024,CUST-0177,SQL Cookbook,book,15.54,5
ORD-0513,"Oct 02, 2024",CUST-0022,Monitor 27 inch,electronics,162.78,3
ORD-0790,02/11/2024,CUST-0046,Desk Lamp,Home,26.63,1
ORD-0720,2024-07-06,CUST-0010,Dumbbell Set,Sports,72.50,3
ORD-0328,"Mar 11, 2024",CUST-0099,Scented Candle,home_goods,$36.73,4
ORD-0984,2024-01-05,CUST-0119,Wool Socks,Clothng,61.87,2
ORD-0230,06/07/2024,CUST-0051,Designing Data Apps,book,30.29,4
ORD-0397,13/04/2024,CUST-0088,Designing Data Apps,Books,34.53,3
ORD-0375,2024-05-23,CUST-0012,Wool Socks,Clothng,$138.98,5
ORD-0793,23-09-2024,CUST-0106,Webcam HD,Electronicss,295.67,3
ORD-0738,"Jan 30, 2024",CUST-0169,Mechanical Keyboard,electronic,$448.57,2
ORD-0859,"Jan 10, 2024",CUST-0048,Resistance Bands,Sport,73.45,2
ORD-0722,"Dec 16, 2024",CUST-0149,Desk Lamp,HOME,28.44,1
ORD-0444,18-06-2024,CUST-0067,SQL Cookbook,Books,29.67,4
ORD-0271,23/09/2024,CUST-0106,Wool Socks,clothes,52.07,1
ORD-0236,14/12/2024,CUST-0009,Coffee Mug,home,47.94,1
ORD-0889,"Feb 18, 2024",CUST-0016,Python Crash Course,Book,9.93,2
ORD-0445,2024-11-13,CUST-0121,Dumbbell Set,Sports,107.84,5
ORD-0055,17/02/2024,CUST-0173,Water Bottle,sports,44.15,0
ORD-0893,03/06/2024,CUST-0072,Python Crash Course,BOOKS,35.67,4
ORD-0573,12/09/2024,CUST-0162,Winter Jacket,Clothng,82.38,3
ORD-0139,03-10-2024,CUST-0045,Denim Jeans,clothing,25.39,1
ORD-0274,28/12/2024,CUST-0119,Running Shoes,Clothng,138,5
ORD-0627,09-02-2024,CUST-0124,Resistance Bands,Sports,29.02,5
ORD-0704,"Mar 06, 2024",CUST-0027,Dumbbell Set,SPORTS,54.63,1
ORD-0115,28-08-2024,CUST-0087,Cotton T-Shirt,Clothing,97.26,4
ORD-0854,10-11-2024,CUST-0094,Data Engineering Handbook,Book,$43.87,2
ORD-0120,25/10/2024,CUST-0060,Winter Jacket,Clothng,74.56,3
ORD-0910,01-09-2024,CUST-0039,Desk Lamp,home,78.81,3
ORD-0971,2024-07-11,CUST-0014,Clean Code,book,15.49,5
ORD-0944,11/29/2024,CUST-0179,Dumbbell Set,sports,47.98,-1
ORD-0023,12/08/2024,CUST-0055,Running Shoes,clothes,85.49,5
ORD-0791,11/09/2024,CUST-0053,USB-C Hub,ELECTRONICS,267.53,1
ORD-0265,"Apr 01, 2024",CUST-0101,Python Crash Course,Books,USD 27.57,2
ORD-0308,"Jun 19, 2024",CUST-0098,Monitor 27 inch,Electronicss,404.98,3
ORD-0870,"Sep 08, 2024",CUST-0096,Yoga Mat,SPORTS,86.96,1
ORD-0988,16/10/2024,CUST-0017,Dumbbell Set,sports,74.70,1
ORD-0978,24/01/2024,CUST-0190,Water Bottle,SPORTS,68.75,1
ORD-0552,09/10/2024,CUST-0003,Wool Socks,CLOTHING,38.24,5
ORD-0201,16-06-2024,CUST-0079,,electronics,$231.27,4
ORD-0792,30-08-2024,CUST-0108,Resistance Bands,SPORTS,58.82,1
ORD-0424,2024-08-30,CUST-0045,Dumbbell Set,sport,$40.30,2
ORD-0938,18/11/2024,CUST-0039,Throw Pillow,Home & Garden,USD 61.49,5
ORD-0518,06/10/2024,CUST-0044,Water Bottle,sports,$10.53,2
ORD-0275,03/09/2024,CUST-0063,Dumbbell Set,Sports,38.05,3
ORD-0929,2024-09-08,CUST-0107,Baseball Cap,CLOTHING,142.03,4
ORD-0750,12/22/2024,CUST-0028,Running Shoes,Clothng,98.29,3
ORD-0427,05/17/2024,CUST-0155,Throw Pillow,Home & Garden,53.42,2
ORD-0320,08/12/2024,CUST-0082,Desk Lamp,Home,,1
ORD-0541,12/13/2024,CUST-0134,Yoga Mat,sport,56.28,1
ORD-0225,2024-01-12,CUST-0101,SQL Cookbook,books,-89.68,2
ORD-0263,17-01-2024,CUST-0105,Portable SSD 1TB,Electronicss,102.29,2
ORD-0593,10-03-2024,CUST-0029,USB-C Hub,Electronicss,323.89,5
ORD-0559,08/22/2024,CUST-0151,Running Shoes,Clothing,130.68,4
ORD-0521,10-04-2024,CUST-0188,Baseball Cap,Clothing,134.09,1
ORD-0990,01/02/2024,CUST-0165,Jump Rope,SPORTS,84.04,1
ORD-0110,"Oct 27, 2024",CUST-0169,Clean Code,Book,26.12,2
ORD-0523,29/08/2024,CUST-0094,Dumbbell Set,SPORTS,53.17,5
ORD-0021,06/05/2024,CUST-0017,Desk Lamp,home_goods,30.36,5
ORD-0801,2024-12-18,CUST-0188,Throw Pillow,home,$40.92,1
ORD-0774,02/08/2024,CUST-0195,Wall Clock,home_goods,30.77,3
ORD-0795,09-07-2024,CUST-0198,Winter Jacket,CLOTHING,128.37,2
ORD-0323,"Aug 18, 2024",CUST-0110,Resistance Bands,sports,52.77,2
ORD-0817,20/09/2024,CUST-0197,Yoga Mat,sport,USD 79.08,1
ORD-0737,12/16/2024,CUST-0090,Yoga Mat,SPORTS,-25.69,3
ORD-0383,2024-08-24,CUST-0036,Cotton T-Shirt,clothing,27.00,1
ORD-0821,"Dec 30, 2024",CUST-0180,Dumbbell Set,Sport,93.19,1
ORD-0174,2024-06-17,CUST-0143,Python Crash Course,BOOKS,$33.10,3
ORD-0818,10-06-2024,CUST-0070,Water Bottle,Sports,85.40,3
ORD-0264,07/12/2024,CUST-0021,Wall Clock,home,$56.20,5
ORD-0604,03/21/2024,CUST-0024,Webcam HD,Electronics,347.68,3
ORD-0464,2024-08-06,CUST-0025,Clean Code,Books,39.50,1
ORD-0680,28-12-2024,CUST-0050,Resistance Bands,Sport,$10.17,1
ORD-0638,2024-02-13,CUST-0190,Wool Socks,clothing,17.64,5
ORD-0279,"May 02, 2024",CUST-0083,Winter Jacket,Clothng,118.57,4
ORD-0961,06/11/2024,CUST-0196,Wall Clock,Home & Garden,$15.39,4
ORD-0165,28/06/2024,CUST-0061,Running Shoes,clothing,24.39,3
ORD-0598,05/08/2024,CUST-0004,Denim Jeans,Clothng,USD 27.07,2
ORD-0797,"Jun 11, 2024",CUST-0033,Wireless Mouse,electronics,228.83,3
ORD-0813,02-03-2024,CUST-0127,Cotton T-Shirt,clothes,$149.21,1
ORD-0563,12/04/2024,CUST-0189,Winter Jacket,clothing,43.89,3
ORD-0232,09-11-2024,CUST-0042,Running Shoes,CLOTHING,65.01,5
ORD-0415,01/02/2024,CUST-0193,Designing Data Apps,Books,$33.77,1
ORD-0579,2024-07-26,CUST-0021,Dumbbell Set,SPORTS,27.82,2
ORD-0695,"May 21, 2024",CUST-0082,Running Shoes,CLOTHING,118.19,1
ORD-0063,27/12/2024,CUST-0017,Coffee Mug,home_goods,36.12,3
ORD-0276,01/10/2024,CUST-0014,Python Crash Course,book,17.93,5
ORD-0667,24/03/2024,CUST-0046,Resistance Bands,Sport,94.61,1
ORD-0985,14-12-2024,CUST-0050,Bluetooth Speaker,ELECTRONICS,USD 58.63,5
ORD-0393,2024-09-30,CUST-0196,Running Shoes,clothes,USD 149.49,2
ORD-0002,2024-01-16,CUST-0056,Desk Lamp,Home,22.45,5
ORD-0714,26-02-2024,CUST-0008,Water Bottle,Sport,$35.88,5
ORD-0170,"Aug 24, 2024",CUST-0142,Jump Rope,Sport,114.97,1
ORD-0965,"Aug 31, 2024",CUST-0005,Webcam HD,electronics,73,5
ORD-0413,08/29/2024,CUST-0170,SQL Cookbook,Book,17.81,5
ORD-0856,2024-10-23,CUST-0152,Yoga Mat,sport,USD 47.05,1
ORD-0652,04-04-2024,CUST-0038,Yoga Mat,Sport,89,-2
ORD-0833,10-09-2024,CUST-0181,Resistance Bands,Sports,41.71,1
ORD-0123,21-10-2024,CUST-0180,Water Bottle,SPORTS,42.48,4
ORD-0749,23-08-2024,CUST-0166,Python Crash Course,Books,15,5
ORD-0884,08/20/2024,CUST-0031,Jump Rope,sports,34.69,2
ORD-0190,2024-06-03,CUST-0013,Data Engineering Handbook,Book,16.82,5
ORD-0611,"Apr 07, 2024",CUST-0175,Jump Rope,sports,$64.73,5
ORD-0220,05/05/2024,CUST-0077,SQL Cookbook,books,24.78,1
ORD-0682,23/11/2024,CUST-0177,Cotton T-Shirt,CLOTHING,49.43,1
ORD-0577,25-05-2024,CUST-0084,Resistance Bands,Sport,84.05,4
ORD-0892,2024-03-08,CUST-0082,SQL Cookbook,books,34.28,4
ORD-0298,"Nov 05, 2024",CUST-0153,Laptop Stand,Electronics,$207.40,3
ORD-0267,2024-04-06,CUST-0009,Running Shoes,clothes,USD 123.33,4
ORD-0928,16-04-2024,CUST-0177,Baseball Cap,clothing,114.90,4
ORD-0666,09/11/2024,CUST-0097,Scented Candle,home,46.28,1
ORD-0962,2024-06-15,CUST-0160,Wool Socks,Clothng,103.03,4
ORD-0463,05/15/2024,CUST-0013,Throw Pillow,Home,12.49,2
ORD-0345,04/03/2024,CUST-0113,Desk Lamp,home,39,4
ORD-0580,11/05/2024,CUST-0070,Clean Code,book,40.84,3
ORD-0586,"Oct 29, 2024",CUST-0117,Resistance Bands,Sport,79.42,5
ORD-0595,17/05/2024,CUST-0184,Bluetooth Speaker,electronics,227.63,1
ORD-0032,"Oct 23, 2024",CUST-0011,Resistance Bands,sport,78.13,4
ORD-0659,06/09/2024,CUST-0157,Jump Rope,sport,113.31,5
ORD-0052,12/06/2024,CUST-0174,Winter Jacket,clothes,114.74,2
ORD-0549,"Oct 08, 2024",CUST-0179,Throw Pillow,home,56.34,1
ORD-0406,29/11/2024,CUST-0042,Scented Candle,HOME,38.85,1
ORD-0121,"May 27, 2024",CUST-0041,Portable SSD 1TB,electronic,50.82,3
ORD-0300,12-11-2024,CUST-0064,Desk Lamp,HOME,58.48,1
ORD-0788,"Sep 05, 2024",CUST-0135,SQL Cookbook,book,$38.69,4
ORD-0600,18-07-2024,CUST-0083,Winter Jacket,clothes,32.21,1
ORD-0847,"Mar 21, 2024",CUST-0015,Scented Candle,home_goods,34,4
ORD-0969,15/02/2024,CUST-0079,Running Shoes,Clothing,$143.30,2
ORD-0649,01/08/2024,CUST-0147,Resistance Bands,sport,26.80,3
ORD-0502,"May 11, 2024",CUST-0186,Monitor 27 inch,ELECTRONICS,152.17,5
ORD-0044,08/12/2024,CUST-0069,SQL Cookbook,Book,13.89,1
ORD-0151,11-10-2024,CUST-0030,Laptop Stand,electronics,,5
ORD-0507,21/10/2024,CUST-0067,Yoga Mat,Sport,54.84,4
ORD-0844,03/01/2024,CUST-0116,Monitor 27 inch,Electronicss,167.56,4
ORD-0616,2024-12-28,CUST-0158,Throw Pillow,Home,USD 24.94,1
ORD-0499,17-02-2024,CUST-0057,Jump Rope,SPORTS,107.17,3
ORD-0434,2024-09-19,CUST-0200,SQL Cookbook,Book,43.78,1
ORD-0820,21/04/2024,CUST-0129,Cotton T-Shirt,clothes,$40.96,2
ORD-0642,"Apr 12, 2024",CUST-0070,Bluetooth Speaker,Electronics,40.75,1
ORD-0451,2024-01-10,CUST-0161,,SPORTS,90.70,2
ORD-0909,27/11/2024,CUST-0127,Coffee Mug,Home,44.55,5
ORD-0688,18/07/2024,CUST-0153,Dumbbell Set,SPORTS,$22.85,3
ORD-0804,2024-12-12,CUST-0132,Jump Rope,SPORTS,$53.39,-3
ORD-0624,02/06/2024,CUST-0055,Python Crash Course,BOOKS,39.66,1
ORD-0838,04/29/2024,CUST-0186,Desk Lamp,home_goods,42.43,5
ORD-0894,"May 15, 2024",CUST-0081,Designing Data Apps,BOOKS,$24.12,-2
ORD-0057,23/07/2024,CUST-0038,Wall Clock,Home,USD 54.20,1
ORD-0599,18/01/2024,CUST-0118,Coffee Mug,home_goods,$60.15,1
ORD-0530,26-07-2024,CUST-0089,Baseball Cap,clothes,78.16,4
ORD-0575,18-08-2024,CUST-0067,Desk Lamp,home_goods,32.07,5
ORD-0102,12/05/2024,CUST-0195,Throw Pillow,Home,46.26,4
ORD-0608,27-08-2024,CUST-0154,Clean Code,books,41.84,5
ORD-0853,02/20/2024,CUST-0026,Designing Data Apps,BOOKS,33.56,2
ORD-0441,24/06/2024,CUST-0176,Webcam HD,ELECTRONICS,274.30,4
ORD-0091,09/24/2024,CUST-0116,Resistance Bands,sport,109,3
ORD-0922,11/18/2024,CUST-0107,Mechanical Keyboard,electronic,$426.58,5
ORD-0221,14-04-2024,CUST-0156,Wall Clock,HOME,15,3
ORD-0148,2024-08-09,CUST-0191,Mechanical Keyboard,electronic,-89.45,2
ORD-0336,"Dec 29, 2024",CUST-0162,Water Bottle,sports,USD 57.10,-2
ORD-0343,07/08/2024,CUST-0127,Coffee Mug,HOME,25.14,3
ORD-0269,01/23/2024,CUST-0113,Webcam HD,Electronics,128.65,2
ORD-0214,03/04/2024,CUST-0111,Dumbbell Set,Sports,65.32,1
ORD-0698,2024-08-15,CUST-0034,Designing Data Apps,Books,9.07,1
ORD-0658,07-09-2024,CUST-0118,Scented Candle,Home & Garden,USD 71.57,4
ORD-0001,20/05/2024,CUST-0058,Wireless Mouse,electronic,82.68,1
ORD-0446,06/01/2024,CUST-0014,Scented Candle,home,70,2
ORD-0087,10-10-2024,CUST-0179,Wireless Mouse,Electronics,472.88,4
ORD-0004,20/03/2024,CUST-0196,Clean Code,Book,20.45,1
ORD-0361,2024-11-20,CUST-0080,Scented Candle,Home,57.40,2
ORD-0610,13-11-2024,CUST-0199,Cotton T-Shirt,Clothing,$96.83,3
ORD-0733,13-12-2024,CUST-0136,Wall Clock,Home,56.22,-3
ORD-0986,09-09-2024,CUST-0010,Denim Jeans,clothing,49.31,5
ORD-0989,24-09-2024,CUST-0050,Resistance Bands,sport,$103.24,1
ORD-0177,11/26/2024,CUST-0131,Yoga Mat,SPORTS,49.80,3
ORD-0294,2024-05-18,CUST-0020,Jump Rope,sport,85.29,3
ORD-0417,20/10/2024,CUST-0122,Jump Rope,Sports,42.87,4
ORD-0547,01-04-2024,CUST-0144,Jump Rope,SPORTS,71.04,3
ORD-0639,2024-06-24,CUST-0079,Python Crash Course,BOOKS,24.65,1
ORD-0684,09-04-2024,CUST-0087,USB-C Hub,Electronicss,,4
ORD-0694,23-09-2024,CUST-0006,Mechanical Keyboard,electronics,295.12,3
ORD-0376,"Feb 13, 2024",CUST-0025,SQL Cookbook,Books,26.70,4
ORD-0485,05/20/2024,CUST-0088,Resistance Bands,sports,116.75,4
ORD-0981,09/01/2024,CUST-0166,Water Bottle,Sport,111.45,5
ORD-0273,28/07/2024,CUST-0077,SQL Cookbook,Book,21.93,5
ORD-0913,12/04/2024,CUST-0046,Mechanical Keyboard,Electronics,396.30,4
ORD-0155,2024-11-01,CUST-0014,Designing Data Apps,Books,$13.76,5
ORD-0956,2024-08-30,CUST-0192,Winter Jacket,CLOTHING,31.96,5
ORD-0130,14-07-2024,CUST-0028,Designing Data Apps,Books,$32.97,4
ORD-0947,12/05/2024,CUST-0199,Dumbbell Set,sport,43.43,4
ORD-0975,03/10/2024,CUST-0063,Running Shoes,clothes,85.25,4
ORD-0505,"Apr 15, 2024",CUST-0180,Desk Lamp,Home,$70.90,4
ORD-0097,2024-08-12,CUST-0120,Water Bottle,SPORTS,85.75,4
ORD-0266,"Dec 10, 2024",CUST-0109,SQL Cookbook,books,27.68,2
ORD-0042,02/07/2024,CUST-0175,Python Crash Course,BOOKS,USD 17.23,1
ORD-0301,18-07-2024,CUST-0093,Wool Socks,CLOTHING,24.92,1
ORD-0402,09/11/2024,CUST-0164,Water Bottle,sports,72.21,4
ORD-0783,"Dec 23, 2024",CUST-0139,Throw Pillow,Home,$48.14,2
ORD-0918,2024-04-07,CUST-0005,Cotton T-Shirt,Clothing,107.44,2
ORD-0365,07-08-2024,CUST-0135,Laptop Stand,Electronics,45.98,5
ORD-0542,"Jun 28, 2024",CUST-0190,Wall Clock,Home,73.09,5
ORD-0048,"Feb 25, 2024",CUST-0112,Python Crash Course,Book,$20.79,3
ORD-0060,10/07/2024,CUST-0041,Jump Rope,Sport,91.80,4
ORD-0677,"Feb 25, 2024",CUST-0187,Yoga Mat,Sports,117.73,5
ORD-0083,"Oct 10, 2024",CUST-0089,SQL Cookbook,BOOKS,23.74,5
ORD-0746,"Jan 02, 2024",CUST-0182,Scented Candle,Home & Garden,75.49,4
ORD-0297,"Feb 10, 2024",CUST-0191,Wool Socks,Clothing,146.41,1
ORD-0173,05-07-2024,CUST-0073,Resistance Bands,sport,52.62,3
ORD-0941,02/01/2024,CUST-0195,Winter Jacket,clothes,15.19,2
ORD-0630,"Jun 05, 2024",CUST-0011,Desk Lamp,home,28.95,5
ORD-0839,"Aug 31, 2024",CUST-0104,Throw Pillow,HOME,79.06,5
ORD-0411,28-01-2024,CUST-0001,Coffee Mug,home_goods,37.07,3
ORD-0940,"Jan 06, 2024",CUST-0018,Coffee Mug,Home & Garden,11,3
ORD-0979,11-10-2024,CUST-0111,USB-C Hub,ELECTRONICS,117.26,5
ORD-0812,06/02/2024,CUST-0032,Running Shoes,Clothng,101.53,3
ORD-0076,08/03/2024,CUST-0028,Python Crash Course,,$24.04,3
ORD-0634,"Jul 21, 2024",CUST-0051,Winter Jacket,clothing,88.56,5
ORD-0951,23-02-2024,CUST-0133,Resistance Bands,Sport,74.06,3
ORD-0358,2024-02-07,CUST-0151,Winter Jacket,clothing,19.45,3
ORD-0647,01-02-2024,CUST-0100,Water Bottle,,107.94,1
ORD-0347,21-07-2024,CUST-0186,Cotton T-Shirt,Clothng,$107.92,2
ORD-0362,"Aug 20, 2024",CUST-0156,Desk Lamp,Home,9.13,2
ORD-0845,12-10-2024,CUST-0181,USB-C Hub,electronics,94.61,4
ORD-0186,2024-07-31,CUST-0102,Python Crash Course,Book,26,2
ORD-0018,30/01/2024,CUST-0146,Data Engineering Handbook,Book,USD 43.04,1
ORD-0653,22-11-2024,CUST-0039,SQL Cookbook,,36.83,1
ORD-0736,2024-10-07,CUST-0173,Running Shoes,Clothing,11.19,1
ORD-0127,13-09-2024,CUST-0043,Designing Data Apps,BOOKS,$17.51,4
ORD-0495,"Mar 29, 2024",CUST-0031,USB-C Hub,ELECTRONICS,197.94,4
ORD-0615,04/16/2024,CUST-0021,Wireless Mouse,,242.01,1
ORD-0431,2024-11-21,CUST-0175,Jump Rope,Sport,13.36,3
ORD-0731,03/26/2024,CUST-0103,Wireless Mouse,electronic,245.97,4
ORD-0030,2024-06-09,CUST-0013,Wireless Mouse,electronic,298.33,5
ORD-0357,11/06/2024,CUST-0100,Laptop Stand,Electronicss,432.49,5
ORD-0189,11/05/2024,,Wireless Mouse,electronic,281.17,5
ORD-0353,"Mar 04, 2024",CUST-0187,USB-C Hub,ELECTRONICS,USD 201.26,4
ORD-0558,21-10-2024,CUST-0178,Designing Data Apps,book,24.38,4
ORD-0763,2024-12-20,CUST-0153,Baseball Cap,clothes,35,4
ORD-0896,03/24/2024,CUST-0112,Throw Pillow,Home,13.70,4
ORD-0261,"Aug 21, 2024",CUST-0015,Jump Rope,Sports,71.47,3
ORD-0179,04-12-2024,CUST-0197,Wireless Mouse,Electronicss,314.75,5
ORD-0370,2024-07-24,CUST-0120,Yoga Mat,SPORTS,105.26,3
ORD-0930,10-01-2024,CUST-0067,Yoga Mat,sports,USD 49.27,2
ORD-0395,15/10/2024,CUST-0145,Designing Data Apps,book,43.09,4
ORD-0131,08/11/2024,CUST-0166,Water Bottle,SPORTS,$16.95,4
ORD-0607,13-10-2024,CUST-0139,Wall Clock,home_goods,57.28,2
ORD-0963,2024-10-03,CUST-0172,Throw Pillow,Home,71.75,3
ORD-0100,09/22/2024,CUST-0072,Winter Jacket,Clothng,$35.41,5
ORD-0084,05-06-2024,CUST-0060,Throw Pillow,HOME,14.05,2
ORD-0290,2024-07-22,CUST-0096,Clean Code,book,43.49,4
ORD-0535,"Apr 02, 2024",CUST-0104,Running Shoes,Clothing,93.91,5
ORD-0064,08/03/2024,CUST-0198,Webcam HD,electronic,298.28,1
ORD-0020,19/12/2024,CUST-0183,Baseball Cap,Clothng,53.64,3
ORD-0528,"Dec 26, 2024",CUST-0163,Python Crash Course,book,38.70,3
ORD-0912,"Aug 25, 2024",CUST-0065,Desk Lamp,Home,USD 31.66,5
ORD-0686,16-10-2024,CUST-0143,Bluetooth Speaker,electronic,$274.90,2
ORD-0329,03/26/2024,CUST-0074,Baseball Cap,Clothng,$29.64,3
ORD-0678,"Aug 06, 2024",CUST-0082,Water Bottle,sport,38.56,5
ORD-0725,"Mar 27, 2024",CUST-0014,Scented Candle,home_goods,54.22,3
ORD-0873,2024-12-16,CUST-0137,Clean Code,,40.08,4
ORD-0447,10/18/2024,CUST-0037,SQL Cookbook,Books,19.71,2
ORD-0381,21/01/2024,CUST-0084,Designing Data Apps,BOOKS,13.49,2
ORD-0999,08/20/2024,CUST-0119,Yoga Mat,sport,97.47,5
ORD-0631,01/26/2024,CUST-0115,Denim Jeans,,115.40,5
ORD-0800,18-06-2024,CUST-0122,Dumbbell Set,sports,USD 108.56,5
ORD-0252,11/08/2024,CUST-0110,Denim Jeans,Clothng,$82.14,1
ORD-0952,2024-02-11,CUST-0016,Wall Clock,Home & Garden,36.87,2
ORD-0372,09/09/2024,,Designing Data Apps,books,41.32,2
ORD-0374,23/02/2024,CUST-0136,Throw Pillow,Home & Garden,78,4
ORD-0709,"Dec 16, 2024",CUST-0198,Mechanical Keyboard,Electronicss,$412.63,3
ORD-0884,08/20/2024,CUST-0031,Jump Rope,sports,34.69,2
ORD-0786,02/28/2024,CUST-0189,Baseball Cap,clothing,USD 141.48,5
ORD-0003,04/22/2024,CUST-0151,Jump Rope,sports,$40.60,1
ORD-0598,05/08/2024,CUST-0004,Denim Jeans,Clothng,USD 27.07,2
ORD-0492,"May 01, 2024",CUST-0179,Jump Rope,Sport,41.64,1
ORD-0991,"Mar 03, 2024",CUST-0120,Throw Pillow,Home,42.17,5
ORD-0241,02-09-2024,CUST-0144,Throw Pillow,HOME,75.03,3
ORD-0926,06/25/2024,CUST-0060,Winter Jacket,CLOTHING,81.07,5
ORD-0944,11/29/2024,CUST-0179,Dumbbell Set,sports,47.98,-1
ORD-0171,"Jun 13, 2024",CUST-0122,Resistance Bands,Sport,65.15,1
ORD-0037,2024-05-15,CUST-0028,USB-C Hub,ELECTRONICS,375.07,2
ORD-0488,"Jun 29, 2024",CUST-0123,Python Crash Course,book,29.56,4
ORD-0799,12/09/2024,CUST-0118,Monitor 27 inch,Electronics,464,2
ORD-0288,"Jan 09, 2024",CUST-0185,Desk Lamp,Home,25.61,3
ORD-0861,18-03-2024,CUST-0112,Denim Jeans,clothing,USD 67.44,1
ORD-0146,08/08/2024,CUST-0059,Webcam HD,,215.70,4
ORD-0939,07/30/2024,CUST-0118,Winter Jacket,CLOTHING,143.26,5
ORD-0157,06/25/2024,CUST-0029,Yoga Mat,Sport,41.16,5
ORD-0626,25/10/2024,CUST-0060,Clean Code,Books,17.48,3
ORD-0632,20/07/2024,CUST-0034,Throw Pillow,home_goods,$30.21,4
ORD-0904,02/17/2024,CUST-0066,Jump Rope,Sports,29.58,4
ORD-0090,13/02/2024,CUST-0031,Water Bottle,sport,71.39,4
ORD-0373,"Apr 29, 2024",CUST-0089,Desk Lamp,HOME,52.70,1
ORD-0994,01/15/2024,,Mechanical Keyboard,ELECTRONICS,USD 406.91,5
ORD-0942,08/02/2024,CUST-0175,Water Bottle,SPORTS,87.09,3
ORD-0276,01/10/2024,CUST-0014,Python Crash Course,book,17.93,5
ORD-0770,20/02/2024,CUST-0189,Data Engineering Handbook,Book,23.27,0
ORD-0154,28/09/2024,CUST-0097,Mechanical Keyboard,electronics,218.62,3
ORD-0888,12/20/2024,CUST-0176,Running Shoes,Clothng,$39.71,4
ORD-0465,07/02/2024,CUST-0160,Running Shoes,CLOTHING,USD 47.56,1
ORD-0389,03/11/2024,CUST-0052,SQL Cookbook,books,-68.94,5
ORD-0043,20/03/2024,CUST-0042,Scented Candle,Home & Garden,78.22,2
ORD-0438,02-02-2024,CUST-0071,Portable SSD 1TB,ELECTRONICS,$325.69,3
ORD-0625,"Oct 19, 2024",CUST-0040,Dumbbell Set,SPORTS,20.37,4
ORD-0972,2024-07-16,CUST-0069,Dumbbell Set,sport,16.67,4
ORD-0544,"Oct 22, 2024",CUST-0031,Wireless Mouse,electronics,$267.08,4
ORD-0710,21/04/2024,CUST-0149,,electronics,$453.08,1
ORD-0508,2024-12-10,CUST-0137,,Electronics,USD 17.86,5
ORD-0719,"Aug 05, 2024",CUST-0002,Denim Jeans,clothes,90.91,2
ORD-0489,2024-09-24,CUST-0007,Desk Lamp,Home,33.57,1
ORD-0730,"Apr 17, 2024",CUST-0188,Coffee Mug,HOME,USD 68.14,0
ORD-0807,14-08-2024,CUST-0042,Wall Clock,Home & Garden,65.43,4
ORD-0390,14-07-2024,CUST-0123,Yoga Mat,SPORTS,69.90,4
ORD-0671,"May 22, 2024",CUST-0161,Baseball Cap,Clothing,88.06,2
ORD-0406,29/11/2024,CUST-0042,Scented Candle,HOME,38.85,1
ORD-0903,2024-04-18,CUST-0165,Resistance Bands,Sports,-49.03,1
ORD-0808,14/02/2024,CUST-0054,Dumbbell Set,SPORTS,43.36,5
ORD-0217,"Oct 30, 2024",CUST-0040,Resistance Bands,sport,28.83,5
ORD-0997,02/01/2024,CUST-0015,USB-C Hub,Electronics,161.21,4
ORD-0527,22-09-2024,CUST-0100,Webcam HD,Electronics,242.79,4
ORD-0086,31/05/2024,CUST-0093,Webcam HD,electronic,102.03,1
ORD-0194,25/06/2024,CUST-0188,Python Crash Course,book,$32.31,1
ORD-0841,2024-09-12,CUST-0046,Mechanical Keyboard,electronics,200.58,3
ORD-0185,"Aug 18, 2024",CUST-0038,Running Shoes,clothing,USD 126.35,1
ORD-0498,22/04/2024,CUST-0134,Designing Data Apps,books,10.52,5
ORD-0806,25-06-2024,CUST-0079,Bluetooth Speaker,Electronics,489.10,5
ORD-0964,2024-10-14,CUST-0165,Bluetooth Speaker,electronic,286.29,2
ORD-0247,2024-05-26,CUST-0197,Clean Code,books,11.31,5
ORD-0744,2024-01-18,CUST-0019,Python Crash Course,Book,29.14,3
ORD-0442,12/10/2024,CUST-0076,Wool Socks,CLOTHING,$23.66,2
ORD-0707,"Jun 24, 2024",CUST-0178,Scented Candle,home_goods,USD 22.71,1
ORD-0568,2024-06-10,CUST-0004,Jump Rope,sport,84.15,4
ORD-0587,06/26/2024,CUST-0139,Water Bottle,Sport,34.98,1
ORD-0293,2024-10-16,CUST-0136,Throw Pillow,home,73.94,2
ORD-0311,"Feb 28, 2024",CUST-0052,Throw Pillow,home,$49.42,5
ORD-0993,04/25/2024,CUST-0020,Wireless Mouse,electronics,459.74,2
ORD-0181,08-11-2024,CUST-0193,Winter Jacket,clothing,-85.86,4
ORD-0435,05/01/2024,CUST-0065,Baseball Cap,CLOTHING,95.17,3
ORD-0251,2024-04-05,CUST-0189,Throw Pillow,home_goods,$30.28,3
ORD-0203,19/09/2024,CUST-0008,Throw Pillow,Home & Garden,15.71,5
ORD-0728,30-03-2024,CUST-0180,Throw Pillow,home_goods,22.71,2
ORD-0319,13-03-2024,CUST-0080,,electronic,181.39,2
ORD-0436,23-08-2024,CUST-0056,Throw Pillow,home_goods,40.00,5
ORD-0387,30/06/2024,CUST-0048,Coffee Mug,home,25.62,4
ORD-0996,02/18/2024,CUST-0149,Portable SSD 1TB,Electronics,75.54,1
ORD-0520,2024-10-09,,SQL Cookbook,BOOKS,31.89,1
ORD-0242,21-07-2024,CUST-0198,Jump Rope,Sports,98.51,3
ORD-0532,2024-11-04,CUST-0170,Running Shoes,Clothing,42.25,3
ORD-0621,15-06-2024,CUST-0106,Designing Data Apps,BOOKS,$36.27,4
ORD-0668,16/11/2024,CUST-0031,Throw Pillow,Home,$72.39,2
ORD-0129,02/16/2024,CUST-0004,Water Bottle,Sport,39.09,1
ORD-0565,03-09-2024,CUST-0159,Yoga Mat,SPORTS,44.70,5
ORD-0145,28-09-2024,CUST-0117,Scented Candle,Home,USD 42.92,4
ORD-0810,11/03/2024,CUST-0048,Scented Candle,home_goods,67.42,-1
ORD-0198,2024-07-01,CUST-0168,Running Shoes,CLOTHING,56.47,1
ORD-0832,"Apr 19, 2024",CUST-0059,Wall Clock,Home,35.57,3
ORD-0504,"Oct 02, 2024",CUST-0002,USB-C Hub,electronics,319.06,2
ORD-0067,"Nov 14, 2024",CUST-0007,Coffee Mug,home_goods,$73.02,5
ORD-0007,02/21/2024,CUST-0072,Webcam HD,electronics,234.90,3
ORD-0946,"Feb 17, 2024",CUST-0142,Data Engineering Handbook,books,19.55,3
ORD-0757,2024-04-22,CUST-0052,Dumbbell Set,SPORTS,56.88,4
ORD-0330,05/09/2024,CUST-0050,Python Crash Course,book,$38.16,5
ORD-0556,06/11/2024,CUST-0117,Data Engineering Handbook,Books,42.40,5
ORD-0752,"Sep 12, 2024",CUST-0116,Bluetooth Speaker,Electronics,483.79,1
ORD-0228,"Jul 04, 2024",CUST-0074,Webcam HD,Electronicss,USD 50.66,5
ORD-0255,26-08-2024,CUST-0041,Mechanical Keyboard,ELECTRONICS,$211.63,5
ORD-0056,2024-11-08,CUST-0117,Winter Jacket,clothing,$68.02,5
ORD-0923,09/06/2024,CUST-0125,Python Crash Course,Book,26.99,5
ORD-0697,13-03-2024,CUST-0147,Clean Code,BOOKS,$17.06,1
ORD-0351,12/12/2024,CUST-0018,Wool Socks,clothes,$84.27,1
ORD-0340,07/20/2024,CUST-0037,Wool Socks,Clothng,90.84,3
ORD-0235,2024-04-26,CUST-0150,Dumbbell Set,sport,USD 62.85,5
ORD-0025,02/01/2024,CUST-0187,Mechanical Keyboard,electronics,179.56,1
ORD-0296,10/17/2024,CUST-0174,Resistance Bands,Sport,USD 108.62,3
ORD-0425,21-07-2024,CUST-0177,Desk Lamp,HOME,22.82,4
ORD-0534,30/10/2024,CUST-0035,Baseball Cap,clothes,98.14,1
ORD-0779,2024-10-12,CUST-0178,Cotton T-Shirt,clothing,112.45,2
ORD-0906,"Dec 16, 2024",CUST-0034,Throw Pillow,HOME,31.93,1
ORD-0285,2024-10-04,CUST-0135,Coffee Mug,Home,USD 7.54,1
ORD-0138,27/10/2024,CUST-0060,Resistance Bands,sport,46.14,2
ORD-0785,"Mar 30, 2024",CUST-0181,Clean Code,books,10,2
ORD-0775,"Oct 22, 2024",CUST-0059,Resistance Bands,Sport,19.51,5
ORD-0244,2024-03-11,CUST-0158,Water Bottle,sports,91.50,2
ORD-0711,05/29/2024,CUST-0158,Scented Candle,home,$48.34,2
ORD-0974,"Jun 04, 2024",CUST-0105,Resistance Bands,sports,USD 59.06,5
ORD-0385,15/08/2024,CUST-0024,Wool Socks,Clothing,136.71,3
ORD-0156,12/04/2024,CUST-0125,SQL Cookbook,BOOKS,30.46,4
ORD-0656,07/17/2024,CUST-0122,,books,13.09,2
ORD-0304,07/30/2024,CUST-0200,Bluetooth Speaker,electronics,56.08,5
ORD-0511,"Mar 21, 2024",CUST-0057,Portable SSD 1TB,electronic,81.15,-3
ORD-0654,"May 16, 2024",CUST-0146,Dumbbell Set,sports,77.36,5
ORD-0141,17-08-2024,,Portable SSD 1TB,electronic,302.93,4
ORD-0062,19-05-2024,CUST-0082,,books,41.04,1
ORD-0082,2024-01-09,CUST-0076,Wall Clock,HOME,$21.62,2
ORD-0250,09/09/2024,CUST-0130,Dumbbell Set,Sports,61.48,2
ORD-0937,05/05/2024,CUST-0088,Desk Lamp,Home,26.51,2
ORD-0243,14-08-2024,CUST-0192,Laptop Stand,electronic,247.35,2
ORD-0317,"Oct 24, 2024",CUST-0057,Dumbbell Set,,USD 59.04,4
ORD-0685,03/20/2024,CUST-0138,Winter Jacket,Clothng,135.43,4
ORD-0022,2024-02-06,CUST-0059,Cotton T-Shirt,CLOTHING,19.44,1
ORD-0857,17-04-2024,CUST-0020,Wall Clock,home_goods,USD 53.87,3
ORD-0014,"May 08, 2024",CUST-0003,Scented Candle,home_goods,USD 56.02,1
ORD-0516,10/24/2024,CUST-0085,Wool Socks,Clothing,60.00,2
ORD-0977,02-11-2024,CUST-0175,Throw Pillow,home,33.51,3
ORD-0524,02/16/2024,CUST-0094,Dumbbell Set,sport,$65.24,2
ORD-0917,"Jun 04, 2024",CUST-0158,Jump Rope,SPORTS,49.68,4
ORD-0460,24/09/2024,CUST-0092,Running Shoes,clothing,108.48,3
ORD-0690,2024-07-10,CUST-0200,Cotton T-Shirt,Clothng,38.29,1
ORD-0344,05-09-2024,CUST-0175,Baseball Cap,Clothing,$116.72,1
ORD-0701,21-08-2024,CUST-0176,Desk Lamp,Home & Garden,53.33,4
ORD-0494,"Oct 06, 2024",CUST-0051,Designing Data Apps,BOOKS,36.72,2
ORD-0326,12/11/2024,CUST-0173,SQL Cookbook,book,34.12,3
ORD-0767,10-08-2024,CUST-0086,Data Engineering Handbook,Books,30.82,4
ORD-0341,"Jul 25, 2024",CUST-0192,Mechanical Keyboard,Electronicss,149,3
ORD-0137,26-01-2024,CUST-0063,Yoga Mat,sports,118.77,5
ORD-0398,"Feb 26, 2024",CUST-0094,Resistance Bands,Sport,115.66,3
ORD-0333,2024-09-18,CUST-0147,Scented Candle,HOME,13.57,5
ORD-0754,23/10/2024,CUST-0019,Resistance Bands,Sport,$14.06,2
ORD-0258,09/26/2024,CUST-0136,Yoga Mat,sport,87.41,1
ORD-0826,01/31/2024,CUST-0031,Dumbbell Set,Sports,109.94,1
ORD-0778,2024-09-15,CUST-0109,Portable SSD 1TB,Electronics,272.59,4
ORD-0872,2024-12-05,CUST-0177,Yoga Mat,SPORTS,110.92,-3
ORD-0105,05/27/2024,CUST-0179,Resistance Bands,sport,USD 63.32,1
ORD-0900,2024-12-12,CUST-0085,Winter Jacket,Clothng,13.63,1
ORD-0309,02-06-2024,CUST-0155,Resistance Bands,Sport,114.20,2
ORD-0241,02-09-2024,CUST-0144,Throw Pillow,HOME,75.03,3
ORD-0224,22-10-2024,CUST-0049,Running Shoes,clothes,116.84,4
ORD-0743,"Mar 14, 2024",CUST-0197,Desk Lamp,Home,37.34,5
ORD-0762,15/04/2024,CUST-0164,Coffee Mug,Home & Garden,25.32,4
ORD-0735,11/12/2024,CUST-0188,Wall Clock,home_goods,55.39,2
ORD-0693,03-01-2024,CUST-0012,Yoga Mat,Sports,85.58,5
ORD-0068,03/10/2024,CUST-0047,Monitor 27 inch,ELECTRONICS,39.39,4
ORD-0643,2024-02-25,CUST-0075,Clean Code,books,40,4
ORD-0796,"Mar 23, 2024",CUST-0074,Baseball Cap,clothing,35.52,2
ORD-0218,2024-01-15,CUST-0012,Yoga Mat,SPORTS,$114.34,5
ORD-0814,10/16/2024,CUST-0067,Jump Rope,Sports,79.08,4
ORD-0948,"May 12, 2024",CUST-0091,Laptop Stand,Electronicss,75.05,1
ORD-0324,01/10/2024,CUST-0094,Mechanical Keyboard,Electronics,173.10,4
ORD-0412,15/04/2024,CUST-0164,Wireless Mouse,Electronicss,USD 156.53,1
ORD-0016,16-11-2024,CUST-0164,Yoga Mat,sports,65.84,2
ORD-0178,05/09/2024,CUST-0058,Running Shoes,Clothing,150.00,2
ORD-0332,17-01-2024,CUST-0058,Running Shoes,Clothng,85.27,2
ORD-0366,01/29/2024,CUST-0146,Water Bottle,SPORTS,USD 28.36,2
ORD-0109,05/21/2024,CUST-0088,Cotton T-Shirt,CLOTHING,USD 140.79,5
ORD-0219,2024-11-12,CUST-0128,Jump Rope,SPORTS,$107.79,5
ORD-0238,22/09/2024,CUST-0144,USB-C Hub,electronic,172.65,4
ORD-0124,26/05/2024,CUST-0156,Portable SSD 1TB,electronics,$403.94,2
ORD-0439,"Mar 17, 2024",CUST-0196,Data Engineering Handbook,book,16.89,1
ORD-0405,03/26/2024,CUST-0127,Wall Clock,home_goods,71.13,3
ORD-0555,2024-12-26,CUST-0024,Yoga Mat,sport,70.46,5
ORD-0726,"Mar 05, 2024",CUST-0020,Desk Lamp,HOME,68.86,3
ORD-0195,23-01-2024,CUST-0140,Data Engineering Handbook,Book,20,2
ORD-0576,01/11/2024,CUST-0032,Clean Code,books,20.99,5
ORD-0331,07/31/2024,CUST-0126,Wall Clock,Home,USD 17.54,5
ORD-0846,"Feb 26, 2024",CUST-0173,Wall Clock,home_goods,41.79,5
ORD-0111,"Oct 09, 2024",CUST-0097,Clean Code,books,24,3
ORD-0945,02-10-2024,CUST-0100,Wireless Mouse,electronic,366,2
ORD-0766,12/16/2024,CUST-0128,USB-C Hub,Electronics,$100.52,1
ORD-0724,2024-03-26,CUST-0178,Clean Code,book,42.15,3
ORD-0641,2024-12-23,CUST-0097,Wool Socks,Clothing,91.62,5
ORD-0172,15/09/2024,CUST-0011,Python Crash Course,Book,17.17,-3
ORD-0099,"Dec 11, 2024",CUST-0151,Webcam HD,electronic,476.13,3
ORD-0226,05/24/2024,CUST-0153,Wireless Mouse,ELECTRONICS,442.93,4
ORD-0065,06/01/2024,CUST-0108,Laptop Stand,electronic,276.04,5
ORD-0197,22-01-2024,CUST-0080,Webcam HD,Electronicss,-57.93,5
ORD-0346,03/06/2024,CUST-0071,Wool Socks,CLOTHING,23.07,3
ORD-0015,05/30/2024,CUST-0041,Python Crash Course,book,USD 24.79,3
ORD-0029,"Aug 04, 2024",CUST-0170,Throw Pillow,home,58.88,2
ORD-0432,"Oct 27, 2024",CUST-0090,Winter Jacket,Clothing,58.19,3
ORD-0017,2024-09-28,CUST-0154,Baseball Cap,Clothing,55.38,1
ORD-0777,"Apr 23, 2024",CUST-0039,Scented Candle,Home & Garden,73,1
ORD-0205,07/09/2024,CUST-0196,Throw Pillow,home_goods,10.77,2
ORD-0245,22/11/2024,CUST-0014,Resistance Bands,Sport,,3
ORD-0908,04/05/2024,CUST-0162,Designing Data Apps,book,23.76,1
ORD-0765,"Oct 03, 2024",CUST-0057,Water Bottle,SPORTS,61.06,2
ORD-0794,08/15/2024,CUST-0078,Dumbbell Set,sports,USD 72.40,3
ORD-0387,30/06/2024,CUST-0048,Coffee Mug,home,25.62,4
ORD-0050,07/05/2024,CUST-0018,Resistance Bands,sport,114.38,3
ORD-0005,2024-05-15,CUST-0187,Designing Data Apps,Book,25.00,1
ORD-0613,17/01/2024,CUST-0028,Denim Jeans,Clothing,77.95,1
ORD-0054,14/08/2024,CUST-0131,Wall Clock,Home,40.49,2
ORD-0455,04-03-2024,CUST-0183,USB-C Hub,Electronicss,330.51,1
ORD-0316,06/18/2024,CUST-0028,Monitor 27 inch,electronics,20.12,3
ORD-0400,"Oct 14, 2024",CUST-0092,Wool Socks,clothing,41.25,5
ORD-0106,2024-10-09,CUST-0142,Running Shoes,Clothing,67.12,2
ORD-0657,30/07/2024,CUST-0191,Bluetooth Speaker,electronics,340.60,2
ORD-0536,04/20/2024,CUST-0156,Python Crash Course,books,44.73,4
ORD-0651,08/08/2024,CUST-0168,Resistance Bands,SPORTS,112.63,2
ORD-0049,"Jul 16, 2024",CUST-0049,Yoga Mat,Sports,38.02,4
ORD-0038,24/06/2024,CUST-0176,Wool Socks,clothes,98.79,3
ORD-0674,14/10/2024,CUST-0117,Dumbbell Set,Sports,92.43,3
ORD-0546,16-10-2024,CUST-0157,Jump Rope,sports,40.31,4
ORD-0036,"Nov 30, 2024",CUST-0003,Designing Data Apps,BOOKS,32.71,5
ORD-0222,"Sep 20, 2024",CUST-0028,Running Shoes,Clothing,54.68,4
ORD-0183,09/27/2024,CUST-0042,Scented Candle,home,-27.64,5
ORD-0367,"Apr 26, 2024",CUST-0001,Yoga Mat,sports,14.84,1
ORD-0452,"Sep 14, 2024",CUST-0079,Monitor 27 inch,ELECTRONICS,96.00,1
ORD-0968,2024-05-11,CUST-0030,SQL Cookbook,books,44.25,5
ORD-0208,03/03/2024,CUST-0019,Coffee Mug,Home,USD 38.90,4
ORD-0827,"Mar 04, 2024",CUST-0053,Mechanical Keyboard,electronics,,2
ORD-0080,23-06-2024,CUST-0153,Clean Code,book,33.94,3
ORD-0173,05-07-2024,CUST-0073,Resistance Bands,sport,52.62,3
ORD-0769,06/15/2024,CUST-0051,Dumbbell Set,sports,USD 92.18,3
ORD-0486,"Jun 02, 2024",CUST-0081,Dumbbell Set,sports,88.31,5
ORD-0128,2024-08-27,CUST-0037,Python Crash Course,Book,35,2
ORD-0275,03/09/2024,CUST-0063,Dumbbell Set,Sports,38.05,3
ORD-0848,25-05-2024,CUST-0016,Water Bottle,sports,USD 13.10,1
ORD-0103,"Jul 25, 2024",CUST-0001,Python Crash Course,Book,32.33,5
ORD-0622,04/19/2024,CUST-0197,Dumbbell Set,SPORTS,70,3
ORD-0019,03/06/2024,CUST-0141,Resistance Bands,sport,28.16,5
ORD-0175,2024-06-19,CUST-0150,Resistance Bands,SPORTS,83,3
ORD-0166,08/02/2024,CUST-0198,Wool Socks,clothes,USD 97.91,4
ORD-0286,18/11/2024,CUST-0018,Coffee Mug,home,58.04,1
ORD-0483,10/26/2024,CUST-0131,Monitor 27 inch,electronic,393.82,2
ORD-0144,2024-03-16,CUST-0033,Designing Data Apps,book,$18.18,5
ORD-0449,15/02/2024,CUST-0158,Winter Jacket,Clothng,70.72,4
ORD-0249,05-01-2024,CUST-0146,Python Crash Course,BOOKS,30.30,3
ORD-0673,02/25/2024,CUST-0046,Wireless Mouse,electronic,$93.25,3
ORD-0562,09-06-2024,CUST-0056,Winter Jacket,clothing,135.20,3
ORD-0596,21-04-2024,CUST-0108,Portable SSD 1TB,ELECTRONICS,166.11,4
ORD-0070,2024-10-03,CUST-0090,,Home,USD 21.82,1
ORD-0717,09/06/2024,CUST-0035,USB-C Hub,Electronicss,56.06,4
ORD-0497,"Jan 27, 2024",CUST-0170,Designing Data Apps,book,19.14,5
ORD-0476,"Feb 16, 2024",CUST-0159,Wireless Mouse,electronic,324.21,5
ORD-0687,17-03-2024,CUST-0008,Python Crash Course,book,USD 20.55,4
ORD-0825,01/10/2024,CUST-0194,Mechanical Keyboard,Electronics,224.16,2
ORD-0140,2024-06-14,CUST-0045,Baseball Cap,Clothng,47.15,2
ORD-0118,24-01-2024,CUST-0015,Python Crash Course,Book,18.85,3
ORD-0980,12/28/2024,CUST-0070,Clean Code,BOOKS,17.10,3
ORD-0011,11/25/2024,CUST-0037,Wall Clock,home_goods,24.87,2
ORD-0039,11/20/2024,CUST-0071,Mechanical Keyboard,electronics,$36.38,3
ORD-0407,07-02-2024,CUST-0044,Python Crash Course,Books,40.85,2
ORD-0200,02/12/2024,CUST-0021,Water Bottle,sport,57.37,2
ORD-0917,"Jun 04, 2024",CUST-0158,Jump Rope,SPORTS,49.68,4
ORD-0352,19/04/2024,CUST-0106,Throw Pillow,home,51.21,4
ORD-0920,08/30/2024,CUST-0006,Coffee Mug,Home & Garden,13,2
ORD-0925,14-11-2024,CUST-0115,Portable SSD 1TB,electronics,353.29,1
ORD-0850,06/05/2024,CUST-0166,Webcam HD,Electronics,166.37,1
ORD-0712,18-10-2024,CUST-0112,Clean Code,Books,-43.68,3
ORD-0897,08/22/2024,CUST-0029,Jump Rope,Sports,103.04,2
ORD-0075,"Mar 02, 2024",CUST-0011,Designing Data Apps,BOOKS,20.85,4
ORD-0957,2024-02-26,CUST-0095,Monitor 27 inch,electronic,292.31,1
ORD-0781,08/20/2024,CUST-0198,Yoga Mat,sports,USD 25.25,4
ORD-0046,17-06-2024,CUST-0018,Winter Jacket,CLOTHING,$145.36,3
ORD-0519,03/07/2024,CUST-0174,Throw Pillow,Home & Garden,59.97,4
ORD-0213,05-03-2024,CUST-0165,Yoga Mat,sport,18.16,4
ORD-0259,"Apr 13, 2024",CUST-0138,Dumbbell Set,sport,26.48,3
ORD-0169,2024-01-20,CUST-0095,Wall Clock,Home,$67.38,1
ORD-0911,"Jan 25, 2024",CUST-0020,Designing Data Apps,Books,41.94,5
ORD-0420,12-05-2024,CUST-0187,Baseball Cap,Clothing,137.98,1
ORD-0883,13/05/2024,CUST-0023,Scented Candle,home_goods,76.85,2
ORD-0517,06/11/2024,CUST-0116,Webcam HD,electronic,174.25,3
ORD-0108,09/10/2024,CUST-0099,Winter Jacket,clothes,$36.69,5
ORD-0079,12/08/2024,CUST-0087,Dumbbell Set,sports,13.16,3
ORD-0829,"Sep 15, 2024",CUST-0018,Resistance Bands,Sports,-43.51,5
ORD-0125,2024-02-19,CUST-0080,Wool Socks,clothes,120.41,1
ORD-0849,14-01-2024,CUST-0098,Designing Data Apps,BOOKS,11.60,3
ORD-0422,31/07/2024,CUST-0038,Desk Lamp,Home,47.49,5
ORD-0506,23-08-2024,CUST-0010,Cotton T-Shirt,clothing,USD 22.25,1
ORD-0223,2024-02-19,CUST-0075,Denim Jeans,Clothng,142.35,5
ORD-0927,05/30/2024,CUST-0107,,Home & Garden,USD 67.48,3
ORD-0916,2024-07-21,CUST-0004,Wireless Mouse,Electronicss,$98.29,4
ORD-0069,13-07-2024,CUST-0193,Clean Code,BOOKS,USD 43.19,4
ORD-0683,2024-01-04,CUST-0176,Water Bottle,sport,$46.66,4
ORD-0835,2024-04-06,CUST-0122,SQL Cookbook,books,42.75,3
ORD-0885,09/10/2024,CUST-0034,Clean Code,book,23.96,2
ORD-0644,06/10/2024,CUST-0153,Yoga Mat,sports,68.47,2
ORD-0281,14-04-2024,CUST-0081,Throw Pillow,home,$36.04,5
ORD-0162,02/28/2024,CUST-0006,Throw Pillow,home_goods,77.46,2
ORD-0246,08/10/2024,CUST-0105,Cotton T-Shirt,Clothng,$101.40,4
ORD-0045,04/12/2024,,Coffee Mug,home,27.89,2
ORD-0902,2024-12-02,CUST-0085,Designing Data Apps,Book,43.88,5
ORD-0403,26-06-2024,CUST-0043,Webcam HD,ELECTRONICS,323.55,1
ORD-0098,"Feb 11, 2024",CUST-0011,Wall Clock,home_goods,71.71,3
ORD-0784,20-09-2024,CUST-0014,Python Crash Course,Book,$12.11,3
ORD-0716,07/03/2024,CUST-0040,Jump Rope,sports,41.73,2
ORD-0188,22/12/2024,CUST-0195,SQL Cookbook,book,34.10,4
ORD-0898,02/04/2024,CUST-0192,Running Shoes,clothes,81.22,3
ORD-0394,29/03/2024,CUST-0061,Throw Pillow,home_goods,49.44,3
ORD-0469,07/29/2024,CUST-0012,Desk Lamp,Home,$9.75,3
ORD-0809,2024-02-15,CUST-0105,Jump Rope,Sport,80.27,-2
ORD-0751,2024-03-12,CUST-0050,Coffee Mug,home,6.90,5
ORD-0633,2024-05-14,CUST-0103,Jump Rope,sports,65.20,2
ORD-0213,05-03-2024,CUST-0165,Yoga Mat,sport,18.16,4
ORD-0256,10/11/2024,CUST-0057,Clean Code,books,43.42,4
ORD-0426,04-06-2024,CUST-0072,Laptop Stand,electronics,423.78,1
ORD-0180,15/11/2024,CUST-0185,Wool Socks,CLOTHING,$71.27,4
ORD-0628,10/22/2024,CUST-0021,Python Crash Course,BOOKS,36.86,3
ORD-0823,24/06/2024,CUST-0182,Dumbbell Set,sports,43.52,1
ORD-0305,13/07/2024,CUST-0036,Wool Socks,Clothng,47.65,3
ORD-0729,"Mar 15, 2024",CUST-0040,Python Crash Course,Book,-15.88,4
ORD-0718,15/11/2024,CUST-0117,Jump Rope,Sport,66.04,5
ORD-0356,2024-07-16,CUST-0062,Winter Jacket,Clothing,79.94,5
ORD-0468,11/08/2024,CUST-0200,Coffee Mug,home,-31.61,1
ORD-0662,03/26/2024,CUST-0076,SQL Cookbook,book,30.69,1
ORD-0295,2024-06-10,CUST-0054,USB-C Hub,Electronics,299.71,4
ORD-0094,2024-05-29,CUST-0060,Jump Rope,Sport,41.69,3
ORD-0755,24/01/2024,CUST-0180,Scented Candle,home,$53.66,1
ORD-0041,19-01-2024,CUST-0150,Baseball Cap,clothing,87.35,4
ORD-0590,"Jan 04, 2024",CUST-0096,Resistance Bands,Sport,30.74,5
ORD-0474,25/07/2024,CUST-0021,Jump Rope,Sport,60.50,5
ORD-0522,"Oct 24, 2024",CUST-0104,Yoga Mat,Sports,94.61,2
ORD-0503,2024-09-06,CUST-0076,Jump Rope,SPORTS,108.81,2
ORD-0583,2024-02-12,CUST-0068,Scented Candle,Home & Garden,51.36,1
ORD-0858,09/06/2024,CUST-0107,Scented Candle,home_goods,35.17,5
ORD-0539,09/15/2024,CUST-0039,Baseball Cap,Clothng,94.77,-3
ORD-0253,01-09-2024,CUST-0064,Denim Jeans,clothing,10.96,4
ORD-0620,15-09-2024,CUST-0169,Jump Rope,Sport,27.40,5
ORD-0409,2024-01-28,CUST-0085,Coffee Mug,Home & Garden,$20.42,2
ORD-0864,22-03-2024,CUST-0035,Webcam HD,electronic,29.13,3
ORD-0457,08/15/2024,CUST-0032,Monitor 27 inch,electronics,280.43,4
ORD-0147,06-08-2024,CUST-0171,Laptop Stand,Electronicss,138.62,2
ORD-0008,2024-05-16,CUST-0156,Wool Socks,clothing,98.90,5
ORD-0207,14-05-2024,CUST-0181,Yoga Mat,SPORTS,$59.09,5
ORD-0283,18/10/2024,CUST-0128,Winter Jacket,CLOTHING,USD 87.09,3
ORD-0470,16/10/2024,CUST-0172,Dumbbell Set,sport,$106.05,5
ORD-0702,11-11-2024,CUST-0094,Denim Jeans,CLOTHING,64.89,3
ORD-0966,"May 05, 2024",CUST-0114,Data Engineering Handbook,book,11.13,5
ORD-0515,10/08/2024,CUST-0166,Yoga Mat,Sports,70.46,3
ORD-0208,03/03/2024,CUST-0019,Coffee Mug,Home,USD 38.90,4
ORD-0882,24/08/2024,CUST-0068,Cotton T-Shirt,Clothing,108.18,2
ORD-0810,11/03/2024,CUST-0048,Scented Candle,home_goods,67.42,-1
ORD-0589,12/18/2024,CUST-0194,Yoga Mat,Sport,USD 62.48,1
ORD-0970,2024-01-14,CUST-0077,Data Engineering Handbook,books,22.43,3
ORD-0163,2024-08-11,CUST-0063,Python Crash Course,book,24.12,4
ORD-0860,"Aug 10, 2024",CUST-0187,Dumbbell Set,sports,78.94,5
ORD-0681,11/11/2024,CUST-0106,Webcam HD,electronic,USD 37.06,3
ORD-0727,2024-05-11,CUST-0190,Clean Code,book,$12.13,2
ORD-0314,10/25/2024,CUST-0137,Jump Rope,sport,65.73,4
ORD-0318,18-03-2024,CUST-0007,Dumbbell Set,Sport,63.10,3
ORD-0837,22/02/2024,CUST-0017,Scented Candle,HOME,32.28,2
ORD-0134,2024-12-01,CUST-0126,Winter Jacket,Clothing,-81.54,3
ORD-0212,06/07/2024,CUST-0184,Mechanical Keyboard,Electronicss,USD 363.65,5
ORD-0399,14/06/2024,CUST-0041,Clean Code,Book,$35.10,4
ORD-0071,"Jan 11, 2024",CUST-0040,Denim Jeans,Clothing,43.40,4
ORD-0761,04/01/2024,CUST-0023,Wireless Mouse,ELECTRONICS,357.77,5
ORD-0490,15-12-2024,CUST-0038,Running Shoes,clothing,USD 127.51,3
ORD-0429,"Mar 10, 2024",CUST-0146,Jump Rope,,USD 13.18,2
ORD-0550,03/15/2024,CUST-0154,Mechanical Keyboard,ELECTRONICS,226.16,1
ORD-0133,07/17/2024,CUST-0095,Resistance Bands,Sport,83.75,5
ORD-0114,2024-08-13,CUST-0135,Python Crash Course,books,41.69,1
ORD-0161,01/10/2024,CUST-0020,Monitor 27 inch,Electronicss,433.12,5
ORD-0865,2024-01-11,CUST-0022,Portable SSD 1TB,Electronics,167.24,3
ORD-0421,15-06-2024,CUST-0134,Scented Candle,home_goods,39.36,1
ORD-0335,14-05-2024,CUST-0023,Portable SSD 1TB,electronics,227.95,1
ORD-0852,01/11/2024,CUST-0151,Throw Pillow,Home & Garden,-70.97,3
ORD-0012,10/25/2024,CUST-0093,Jump Rope,sport,34.13,2
ORD-0531,25/03/2024,CUST-0020,,clothing,82.04,3
ORD-0378,19-08-2024,CUST-0060,Clean Code,books,USD 10.76,2
ORD-0059,"Oct 13, 2024",CUST-0082,,home_goods,USD 76.25,4
ORD-0466,07/24/2024,,Cotton T-Shirt,Clothng,USD 48.06,4
ORD-0840,03-03-2024,CUST-0126,Desk Lamp,Home,42.30,2
ORD-0537,"Mar 14, 2024",CUST-0197,Scented Candle,HOME,18.64,5
ORD-0676,21-12-2024,CUST-0085,Cotton T-Shirt,clothing,$83.79,5
ORD-0299,26-04-2024,CUST-0142,Wall Clock,,$75.59,4
ORD-0239,29-09-2024,CUST-0140,Winter Jacket,clothes,59.60,3
ORD-0211,"Oct 10, 2024",CUST-0095,Laptop Stand,electronics,,5
ORD-0291,2024-12-16,CUST-0168,,Clothing,148.83,1
ORD-0862,26/11/2024,CUST-0066,Clean Code,Book,33.41,2
ORD-0072,24-12-2024,CUST-0197,Winter Jacket,clothes,61,5
ORD-0204,26-11-2024,CUST-0093,,Electronics,$200.68,5
ORD-0192,"May 03, 2024",CUST-0107,Laptop Stand,electronic,105,1
ORD-0028,2024-07-24,CUST-0043,Coffee Mug,HOME,33.42,4
ORD-0501,"Nov 24, 2024",CUST-0160,Coffee Mug,HOME,23.29,1
ORD-0871,22/05/2024,CUST-0093,Coffee Mug,HOME,40.64,3
ORD-0706,2024-07-15,CUST-0088,Winter Jacket,Clothng,USD 39.15,5
ORD-0878,24/07/2024,CUST-0161,Cotton T-Shirt,Clothing,52.78,5
ORD-0182,09-04-2024,CUST-0174,SQL Cookbook,Book,USD 43.04,4
ORD-0567,"Jan 17, 2024",CUST-0089,Scented Candle,Home & Garden,34,2
ORD-0982,"Jul 30, 2024",CUST-0179,USB-C Hub,electronic,356.10,4
ORD-0107,12-09-2024,CUST-0131,USB-C Hub,Electronicss,357,4
ORD-0176,2024-10-31,CUST-0080,Coffee Mug,home,-94.70,3
ORD-0096,17-03-2024,CUST-0037,Wool Socks,CLOTHING,20.00,2
ORD-0312,24/08/2024,CUST-0113,Yoga Mat,Sport,$97.75,1
ORD-0655,02/10/2024,CUST-0035,,Electronicss,$258.63,5
ORD-0463,05/15/2024,CUST-0013,Throw Pillow,Home,12.49,2
ORD-0584,05/25/2024,CUST-0161,Wool Socks,clothing,27.70,5
ORD-0337,18-10-2024,CUST-0137,Cotton T-Shirt,clothing,49.35,5
ORD-0112,15/07/2024,CUST-0199,Baseball Cap,Clothng,$67.51,3
ORD-0487,17-12-2024,CUST-0173,Water Bottle,sport,24.59,2
ORD-0919,05/03/2024,CUST-0161,Wool Socks,clothing,130.15,5
ORD-0396,2024-02-16,CUST-0060,Desk Lamp,home_goods,50.12,1
ORD-0548,2024-12-03,CUST-0192,Coffee Mug,Home,22.23,2
ORD-0066,05/19/2024,CUST-0125,Coffee Mug,Home & Garden,$7.18,3
ORD-0868,03-03-2024,CUST-0085,Baseball Cap,clothing,-59.91,4
ORD-0210,17/09/2024,CUST-0032,Running Shoes,clothing,USD 147.92,2
ORD-0391,17-07-2024,CUST-0047,Water Bottle,sports,12.87,5
ORD-0401,2024-03-31,CUST-0180,Data Engineering Handbook,book,43.10,4
ORD-0588,20-03-2024,CUST-0003,Throw Pillow,HOME,5.01,2
ORD-0623,2024-01-01,CUST-0073,Wall Clock,home,49,5
ORD-0618,18/10/2024,CUST-0143,Resistance Bands,Sports,USD 92.41,4
ORD-0819,07/01/2024,CUST-0133,Data Engineering Handbook,Book,-99.79,4
ORD-0645,2024-12-30,CUST-0011,Scented Candle,HOME,23.55,5
ORD-0880,"Mar 29, 2024",CUST-0084,Running Shoes,Clothing,121.93,2
ORD-0339,21/05/2024,CUST-0180,Desk Lamp,home,$69.96,2
ORD-0158,04/22/2024,CUST-0154,Python Crash Course,BOOKS,10.03,2
ORD-0907,07/17/2024,CUST-0069,Wall Clock,Home,-19.99,4
ORD-0033,14-04-2024,CUST-0062,Clean Code,BOOKS,17.83,2
ORD-0931,02-02-2024,CUST-0111,Yoga Mat,Sports,22.54,2
ORD-0582,03/26/2024,CUST-0027,Webcam HD,electronic,61.34,4
ORD-0024,2024-04-07,CUST-0025,Wall Clock,Home & Garden,54.42,3
ORD-0932,23-06-2024,CUST-0197,Throw Pillow,HOME,8.50,5
ORD-0334,06/10/2024,CUST-0109,Portable SSD 1TB,ELECTRONICS,64.67,2
ORD-0959,05-06-2024,CUST-0056,Desk Lamp,Home,-28.92,4
ORD-0551,07/15/2024,CUST-0158,Wireless Mouse,electronic,333.24,3
ORD-0708,"Jun 15, 2024",CUST-0025,Portable SSD 1TB,ELECTRONICS,413,2
ORD-0798,25/06/2024,CUST-0096,Laptop Stand,electronic,232.49,2
ORD-0782,2024-12-26,CUST-0161,SQL Cookbook,book,10.62,-2
ORD-0954,11/21/2024,CUST-0113,Jump Rope,Sport,USD 85.79,4
ORD-0967,2024-09-08,CUST-0088,Yoga Mat,Sports,58.07,4
ORD-0703,2024-08-31,CUST-0090,Mechanical Keyboard,ELECTRONICS,USD 247.15,2
ORD-0436,23-08-2024,CUST-0056,Throw Pillow,home_goods,40.00,5
ORD-0430,2024-08-21,CUST-0093,Cotton T-Shirt,CLOTHING,USD 108.65,3
ORD-0231,31-12-2024,CUST-0122,USB-C Hub,electronic,266.88,2
ORD-0348,04/19/2024,CUST-0020,Wireless Mouse,electronic,$79.36,2
ORD-0364,09/07/2024,CUST-0192,Data Engineering Handbook,Books,,3
ORD-0855,27-05-2024,CUST-0013,Webcam HD,Electronicss,USD 159.20,5
ORD-0675,07/07/2024,CUST-0018,Clean Code,Books,36.06,5
ORD-0830,"Mar 28, 2024",CUST-0002,Running Shoes,clothing,146.30,1
ORD-0512,12-12-2024,CUST-0003,Running Shoes,clothing,87.49,5
ORD-0010,2024-05-17,CUST-0055,SQL Cookbook,BOOKS,41.79,5
ORD-0756,"Aug 21, 2024",CUST-0044,Python Crash Course,Books,38.91,1
ORD-0313,04/06/2024,CUST-0065,Wool Socks,Clothng,102.21,4
ORD-0132,2024-01-24,CUST-0078,USB-C Hub,Electronics,498.02,1
ORD-0895,10/11/2024,CUST-0014,Coffee Mug,home,19.17,1
ORD-0592,21-12-2024,CUST-0073,Dumbbell Set,SPORTS,81.33,5
ORD-0143,2024-12-17,CUST-0126,Wall Clock,Home,58.43,4
ORD-0384,2024-12-17,CUST-0150,Throw Pillow,Home,48,1
ORD-0031,2024-04-05,,Yoga Mat,Sport,17.48,2
ORD-0572,08/09/2024,CUST-0051,Baseball Cap,Clothng,USD 30.42,2
ORD-0874,2024-06-03,CUST-0194,Throw Pillow,home,22.66,2
ORD-0461,12/18/2024,CUST-0085,Coffee Mug,Home,22.59,1
ORD-0450,2024-01-03,CUST-0137,Wall Clock,Home,19.96,3
ORD-0936,27-11-2024,CUST-0086,USB-C Hub,electronics,412.29,1
ORD-0428,21-09-2024,CUST-0015,Wall Clock,Home,43.65,2
ORD-0715,07/14/2024,CUST-0140,Wall Clock,Home & Garden,20.84,2
ORD-0960,01/23/2024,CUST-0124,Python Crash Course,Book,29.20,5
ORD-0440,01/14/2024,CUST-0076,Data Engineering Handbook,Book,17.60,4
ORD-0193,07/18/2024,CUST-0012,Wireless Mouse,ELECTRONICS,$323.30,3
ORD-0867,"Sep 24, 2024",CUST-0199,Yoga Mat,Sport,112.47,3
ORD-0321,12/12/2024,CUST-0190,Python Crash Course,book,17.02,2
ORD-0088,08/28/2024,CUST-0113,Water Bottle,SPORTS,47.48,1
ORD-0811,06/04/2024,CUST-0144,Designing Data Apps,Books,USD 35.37,2
ORD-0349,22-12-2024,CUST-0031,Wireless Mouse,electronics,494.26,4
ORD-0473,08-09-2024,CUST-0062,Cotton T-Shirt,Clothing,56.33,3
ORD-0834,05/25/2024,CUST-0154,Monitor 27 inch,electronics,372.04,4
ORD-0740,05/30/2024,CUST-0170,Running Shoes,CLOTHING,USD 141.07,4
ORD-0480,"May 10, 2024",CUST-0051,Desk Lamp,home,19.07,4
ORD-0950,02-06-2024,CUST-0171,Running Shoes,clothing,$119.87,5
ORD-0566,22/07/2024,CUST-0193,Water Bottle,sport,USD 73.43,1
ORD-0995,30/08/2024,CUST-0088,Cotton T-Shirt,clothes,USD 126.55,3
ORD-0602,10-08-2024,CUST-0004,Wool Socks,clothes,33.43,3
ORD-0529,11/30/2024,CUST-0094,Winter Jacket,clothes,92.28,1
ORD-0666,09/11/2024,CUST-0097,Scented Candle,home,46.28,1
ORD-0486,"Jun 02, 2024",CUST-0081,Dumbbell Set,sports,88.31,5
ORD-0215,23-03-2024,CUST-0182,Data Engineering Handbook,BOOKS,USD 16.34,-1
ORD-0768,2024-03-21,CUST-0125,USB-C Hub,electronics,$264.73,1
ORD-0741,2024-03-23,CUST-0071,Clean Code,Book,36.75,4
ORD-0233,09/29/2024,CUST-0182,Dumbbell Set,Sports,71.92,4
ORD-0992,05/22/2024,CUST-0137,Cotton T-Shirt,Clothng,72.84,1
ORD-0408,"Oct 31, 2024",CUST-0124,Laptop Stand,electronics,$356.68,4
ORD-0887,18/08/2024,CUST-0095,Baseball Cap,Clothing,91.61,4
ORD-0153,2024-06-28,CUST-0047,Clean Code,Book,40.18,5
ORD-0780,2024-02-16,CUST-0123,Wool Socks,Clothng,103.66,2
ORD-0525,16/08/2024,CUST-0046,Resistance Bands,sports,$72.30,5
ORD-0670,10/28/2024,CUST-0117,Denim Jeans,clothes,$67.42,1
ORD-0484,"Jul 17, 2024",CUST-0156,Cotton T-Shirt,Clothng,133.58,5
ORD-0013,19/03/2024,CUST-0175,Mechanical Keyboard,Electronicss,219.75,1
ORD-0672,19/01/2024,CUST-0009,Laptop Stand,ELECTRONICS,338.49,5
ORD-0776,08/30/2024,CUST-0072,Baseball Cap,clothing,12.03,4
ORD-0594,06-04-2024,CUST-0005,Jump Rope,Sports,26.74,5
ORD-0842,"Feb 09, 2024",CUST-0197,Yoga Mat,sports,64.14,4
ORD-0416,28/10/2024,CUST-0142,Jump Rope,sport,16.71,4
ORD-0414,04/05/2024,CUST-0012,Throw Pillow,HOME,24.75,4
ORD-0802,01/13/2024,CUST-0159,Bluetooth Speaker,ELECTRONICS,422.83,4
ORD-0355,"Apr 15, 2024",CUST-0156,Bluetooth Speaker,ELECTRONICS,$262.12,4
ORD-0843,15-09-2024,CUST-0139,Wall Clock,home_goods,30.77,5
ORD-0289,2024-02-24,CUST-0135,Coffee Mug,home_goods,16.17,2
ORD-0307,11/16/2024,CUST-0153,Wool Socks,Clothing,96.33,4
ORD-0789,"Aug 19, 2024",CUST-0095,Water Bottle,sports,97.99,1
ORD-0009,"Nov 23, 2024",CUST-0057,Throw Pillow,home,USD 56.35,1
ORD-0268,2024-04-15,CUST-0026,Webcam HD,electronic,$303.06,4
ORD-0935,04/07/2024,CUST-0187,Webcam HD,electronic,156.68,4
ORD-0557,"Feb 24, 2024",CUST-0019,Scented Candle,Home,USD 42.74,3
ORD-0758,11-03-2024,CUST-0055,Dumbbell Set,sports,94.07,5
ORD-0734,08-11-2024,CUST-0086,SQL Cookbook,BOOKS,$18.00,1
ORD-0771,10/26/2024,CUST-0014,Portable SSD 1TB,electronics,446.89,2
ORD-0876,21/02/2024,CUST-0179,SQL Cookbook,BOOKS,17.66,1
ORD-0142,"Dec 03, 2024",CUST-0078,Yoga Mat,Sports,60,1
ORD-0619,12/11/2024,CUST-0180,Water Bottle,sports,USD 83.18,1
ORD-0723,"Aug 20, 2024",CUST-0121,Portable SSD 1TB,Electronicss,293.37,3
ORD-0196,2024-03-10,CUST-0184,Coffee Mug,Home,63.21,4
ORD-0282,"Oct 10, 2024",CUST-0149,Bluetooth Speaker,electronics,364.21,3
ORD-0866,2024-12-09,CUST-0102,Throw Pillow,home,75.74,2
ORD-0700,"Apr 11, 2024",CUST-0021,Clean Code,book,44.03,4
ORD-0787,29-06-2024,CUST-0129,Running Shoes,Clothing,105.23,3
ORD-0836,07/21/2024,CUST-0134,Desk Lamp,Home,54.39,1
ORD-0764,2024-08-02,CUST-0143,Clean Code,book,16,1
ORD-0310,05/29/2024,CUST-0148,Throw Pillow,Home & Garden,63.65,3
ORD-0257,"Jul 31, 2024",CUST-0121,Water Bottle,sports,$93.31,2
ORD-0338,20-10-2024,CUST-0132,Clean Code,books,44,1
ORD-0692,21/09/2024,CUST-0053,Cotton T-Shirt,Clothng,$111.44,4
ORD-0202,22-01-2024,CUST-0158,SQL Cookbook,Books,44.93,3
ORD-0342,2024-01-02,CUST-0188,Designing Data Apps,Books,USD 43.97,3
ORD-0206,2024-05-07,CUST-0007,Clean Code,book,35.22,4
ORD-0998,05/30/2024,CUST-0103,Wireless Mouse,electronics,61.48,4
ORD-0040,"Aug 14, 2024",CUST-0181,Data Engineering Handbook,Books,23.82,1
ORD-0369,2024-05-18,CUST-0147,Throw Pillow,Home,32.96,5
ORD-0074,2024-04-11,CUST-0152,Wall Clock,Home,$56.80,2
ORD-0122,21-08-2024,CUST-0051,Throw Pillow,Home,79.95,4
ORD-0101,28-08-2024,CUST-0105,Desk Lamp,home,30.00,1
ORD-0234,25-10-2024,CUST-0186,Monitor 27 inch,electronic,437.97,1
ORD-0949,22/06/2024,CUST-0191,Portable SSD 1TB,electronic,USD 494.67,5
ORD-0284,23/08/2024,CUST-0188,Wall Clock,home,$64.62,2
ORD-0805,07-12-2024,,Yoga Mat,SPORTS,26.27,4
ORD-0081,05/03/2024,CUST-0126,Cotton T-Shirt,Clothng,$87.72,2
ORD-0660,08/19/2024,CUST-0011,Mechanical Keyboard,electronic,440.72,2
ORD-0560,12/12/2024,CUST-0081,Coffee Mug,home_goods,35.93,3
ORD-0526,21/01/2024,CUST-0195,Throw Pillow,,41.57,1
ORD-0514,23/03/2024,CUST-0057,Resistance Bands,sports,77.86,3
ORD-0863,15/01/2024,CUST-0080,Denim Jeans,Clothng,74.98,5
ORD-0302,2024-03-08,CUST-0048,Python Crash Course,book,23.95,5
ORD-0767,10-08-2024,CUST-0086,Data Engineering Handbook,Books,30.82,4
ORD-0924,"Aug 04, 2024",CUST-0081,Wireless Mouse,Electronicss,283.33,3
ORD-0368,17/03/2024,CUST-0010,SQL Cookbook,books,28.46,4
ORD-0078,14/06/2024,CUST-0023,Water Bottle,sports,USD 40.68,4
ORD-0661,2024-09-21,CUST-0049,Monitor 27 inch,ELECTRONICS,USD 156.22,4
ORD-0272,12/13/2024,CUST-0143,Wool Socks,Clothng,USD 79.39,3
ORD-0240,12-10-2024,CUST-0058,Running Shoes,CLOTHING,$141.81,3
ORD-0453,"Nov 01, 2024",CUST-0087,Scented Candle,HOME,37,2
ORD-0184,"Jul 09, 2024",CUST-0027,Portable SSD 1TB,Electronics,360.03,0
ORD-0026,03/12/2024,CUST-0047,Jump Rope,Sports,40.64,2
ORD-0392,"Aug 29, 2024",CUST-0092,Python Crash Course,books,36.37,2
ORD-0280,13-05-2024,CUST-0132,Clean Code,Books,USD 40.66,4
ORD-0325,23-11-2024,CUST-0153,Scented Candle,home_goods,34.15,4
ORD-0510,14-02-2024,CUST-0196,Designing Data Apps,Book,USD 42.29,4
ORD-0824,26-04-2024,CUST-0033,Wool Socks,Clothng,$39.38,1
ORD-0377,05/12/2024,CUST-0061,Monitor 27 inch,Electronicss,$156.46,3
ORD-0419,08/04/2024,CUST-0011,Denim Jeans,clothing,69,4
ORD-0443,14-12-2024,CUST-0168,Resistance Bands,sports,$19.82,3
ORD-0479,"Oct 07, 2024",CUST-0096,Clean Code,books,33.98,1
ORD-0462,2024-03-17,CUST-0200,Jump Rope,SPORTS,$66.29,1
ORD-0437,18-09-2024,CUST-0144,Wireless Mouse,ELECTRONICS,328.96,5
ORD-0689,02/14/2024,CUST-0061,SQL Cookbook,books,21.75,3
ORD-0953,"Dec 12, 2024",CUST-0104,Laptop Stand,Electronicss,300.30,5
ORD-0085,08/04/2024,CUST-0190,Resistance Bands,sport,63.26,5
ORD-0472,2024-01-28,CUST-0165,Dumbbell Set,Sport,112.78,5
ORD-0721,26-09-2024,CUST-0120,USB-C Hub,electronic,265.72,5
ORD-0911,"Jan 25, 2024",CUST-0020,Designing Data Apps,Books,41.94,5
ORD-0605,2024-10-01,CUST-0033,Wool Socks,clothes,USD 78.30,3
